{
  "male": {
    "1": 0.06,
    "2": 0.04,
    "3": 0.03,
    "4": 0.02,
    "5": 0.0,
    "0": 0.915,
    "6": 0.152,
    "7": 0.149,
    "8": 0.16699999999999998,
    "9": 0.206,
    "10": 0.265,
    "11": 0.34099999999999997,
    "12": 0.429,
    "13": 0.522,
    "14": 0.614,
    "15": 0.6980000000000001,
    "16": 0.7699999999999999,
    "17": 0.829,
    "18": 0.874,
    "19": 0.905,
    "20": 0.924,
    "21": 0.934,
    "22": 0.937,
    "23": 0.9359999999999999,
    "24": 0.933,
    "25": 0.9309999999999999,
    "26": 0.9309999999999999,
    "27": 0.934,
    "28": 0.9420000000000001,
    "29": 0.9560000000000001,
    "30": 0.977,
    "31": 1.0050000000000001,
    "32": 1.042,
    "33": 1.0859999999999999,
    "34": 1.14,
    "35": 1.202,
    "36": 1.2750000000000001,
    "37": 1.358,
    "38": 1.453,
    "39": 1.56,
    "40": 1.6800000000000002,
    "41": 1.815,
    "42": 1.9689999999999999,
    "43": 2.144,
    "44": 2.3449999999999998,
    "45": 2.579,
    "46": 2.851,
    "47": 3.1679999999999997,
    "48": 3.536,
    "49": 3.9579999999999997,
    "50": 4.436,
    "51": 4.969,
    "52": 5.55,
    "53": 6.1739999999999995,
    "54": 6.831,
    "55": 7.513,
    "56": 8.212,
    "57": 8.925,
    "58": 9.651,
    "59": 10.392999999999999,
    "60": 11.162,
    "61": 11.969000000000001,
    "62": 12.831,
    "63": 13.764999999999999,
    "64": 14.792,
    "65": 15.932000000000002,
    "66": 17.206,
    "67": 18.634999999999998,
    "68": 20.240000000000002,
    "69": 22.04,
    "70": 24.058,
    "71": 26.314,
    "72": 28.832,
    "73": 31.637999999999998,
    "74": 34.757000000000005,
    "75": 38.221,
    "76": 42.061,
    "77": 46.316,
    "78": 51.024,
    "79": 56.231,
    "80": 61.985,
    "81": 68.338,
    "82": 75.35,
    "83": 83.08200000000001,
    "84": 91.601,
    "85": 100.979,
    "86": 111.291,
    "87": 122.616,
    "88": 135.03699999999998,
    "89": 148.63899999999998,
    "90": 163.507,
    "91": 179.726,
    "92": 197.38,
    "93": 216.547,
    "94": 237.30200000000002,
    "95": 259.706,
    "96": 283.813,
    "97": 309.659,
    "98": 337.265,
    "99": 366.63,
    "100": 397.733
  },
  "female": {
    "1": 6000.0,
    "2": 5000.0,
    "3": 4000.0,
    "4": 2000.0,
    "5": 0.0,
    "0": 0.915,
    "6": 0.47,
    "7": 0.27099999999999996,
    "8": 0.185,
    "9": 0.152,
    "10": 0.149,
    "11": 0.16699999999999998,
    "12": 0.206,
    "13": 0.265,
    "14": 0.34099999999999997,
    "15": 0.429,
    "16": 0.522,
    "17": 0.614,
    "18": 0.6980000000000001,
    "19": 0.7699999999999999,
    "20": 0.829,
    "21": 0.874,
    "22": 0.905,
    "23": 0.924,
    "24": 0.934,
    "25": 0.937,
    "26": 0.9359999999999999,
    "27": 0.933,
    "28": 0.9309999999999999,
    "29": 0.9309999999999999,
    "30": 0.934,
    "31": 0.9420000000000001,
    "32": 0.9560000000000001,
    "33": 0.977,
    "34": 1.0050000000000001,
    "35": 1.042,
    "36": 1.0859999999999999,
    "37": 1.14,
    "38": 1.202,
    "39": 1.2750000000000001,
    "40": 1.358,
    "41": 1.453,
    "42": 1.56,
    "43": 1.6800000000000002,
    "44": 1.815,
    "45": 1.9689999999999999,
    "46": 2.144,
    "47": 2.3449999999999998,
    "48": 2.579,
    "49": 2.851,
    "50": 3.1679999999999997,
    "51": 3.536,
    "52": 3.9579999999999997,
    "53": 4.436,
    "54": 4.969,
    "55": 5.55,
    "56": 6.1739999999999995,
    "57": 6.831,
    "58": 7.513,
    "59": 8.212,
    "60": 8.925,
    "61": 9.651,
    "62": 10.392999999999999,
    "63": 11.162,
    "64": 11.969000000000001,
    "65": 12.831,
    "66": 13.764999999999999,
    "67": 14.792,
    "68": 15.932000000000002,
    "69": 17.206,
    "70": 18.634999999999998,
    "71": 20.240000000000002,
    "72": 22.04,
    "73": 24.058,
    "74": 26.314,
    "75": 28.832,
    "76": 31.637999999999998,
    "77": 34.757000000000005,
    "78": 38.221,
    "79": 42.061,
    "80": 46.316,
    "81": 51.024,
    "82": 56.231,
    "83": 61.985,
    "84": 68.338,
    "85": 75.35,
    "86": 83.08200000000001,
    "87": 91.601,
    "88": 100.979,
    "89": 111.291,
    "90": 122.616,
    "91": 135.03699999999998,
    "92": 148.63899999999998,
    "93": 163.507,
    "94": 179.726,
    "95": 197.38,
    "96": 216.547,
    "97": 237.30200000000002,
    "98": 259.706,
    "99": 283.813,
    "100": 309.659
  }
}